Model,Jenis Ringkasan,Output
"gp,a,Isu 17+8 tuntutan rakyat dan potensi reshuffle menteri saling berkaitan; Keduanya menyebabkan ketidakpastian politik yang membuat pasar saham (IHSG) bergejolak; Stabilitas politik yang responsif terhadap tuntutan rakyat pada akhirnya akan membawa dampak positif bagi ekonomi."
"gp,b,Percakapan tersebut merangkum bahwa isu ""17+8 tuntutan rakyat Indonesia"" yang sedang ramai dibicarakan memiliki korelasi dengan wacana reshuffle menteri. Hal ini dikarenakan tuntutan tersebut umumnya terkait dengan kinerja dan kebijakan pemerintah. Isu politik seperti reshuffle membuat investor was-was, sehingga memicu volatilitas pada Indeks Harga Saham Gabungan (IHSG). Namun, secara fundamental, stabilitas politik yang responsif terhadap aspirasi rakyat merupakan faktor penting untuk menyehatkan ekonomi dalam jangka panjang."
"cgpt,a,17+8 tuntutan rakyat dikaitkan dengan reshuffle menteri.;Pasar saham (IHSG) sensitif terhadap isu reshuffle, cenderung turun.;Reshuffle bisa positif jika membawa menteri lebih kompeten.;Politik, ekonomi, dan aspirasi rakyat saling memengaruhi.;Stabilitas politik responsif ke rakyat akan menenangkan pasar."
"cgpt,b,""Percakapan membahas 17+8 tuntutan rakyat Indonesia yang mendorong kemungkinan reshuffle menteri. Hal ini sering memengaruhi IHSG yang sensitif terhadap ketidakpastian politik. Meski awalnya pasar cemas, reshuffle dapat berdampak positif bila menghasilkan menteri yang lebih kompeten. Keseimbangan antara tuntutan rakyat, politik, dan ekonomi menjadi kunci agar stabilitas tercapai dan pasar kembali tenang."""
"qw,a,Tuntutan rakyat 17+8 mendorong isu reshuffle menteri; Reshuffle picu kekhawatiran pasar dan volatilitas IHSG meski potensial positif jangka panjang; Stabilitas politik yang responsif terhadap aspirasi rakyat penting untuk pemulihan dan kesehatan ekonomi."
qw,b,Percakapan membahas hubungan antara tuntutan rakyat, rencana reshuffle kabinet, dan dampaknya terhadap pasar saham. Meski reshuffle berpotensi memperbaiki kinerja pemerintah dan ekonomi jangka panjang, pasar cenderung bereaksi negatif karena ketidakpastian. Keduanya menekankan pentingnya respons pemerintah terhadap aspirasi publik demi stabilitas politik dan ekonomi yang berkelanjutan.
"ds,a,Tuntutan rakyat memicu isu reshuffle menteri; Reshuffle menimbulkan ketidakpastian dan gejolak di pasar saham (IHSG); Stabilitas politik yang responsif penting untuk kesehatan ekonomi jangka panjang."
ds,b,Percakapan ini membahas korelasi antara tuntutan rakyat, isu reshuffle kabinet, dan dampaknya terhadap pasar saham. Pasar cenderung bereaksi negatif terhadap ketidakpastian politik, namun reshuffle yang menempatkan orang kompeten justru positif untuk ekonomi dalam jangka panjang jika tuntutan rakyat ditangani dengan baik.
