Model,Jenis Ringkasan,Output
"gp,a,Tren makanan dan minuman berkafein tanpa ampas sedang naik; Minuman ini praktis dan bisa dipadukan dengan pemanis stevia untuk opsi rendah kalori; Kombinasi kafein dan stevia menawarkan pilihan gaya hidup produktif dan sehat; Penting untuk tidak berlebihan agar tidak berdampak negatif pada kesehatan."
gp,b,Percakapan tersebut menyoroti tren makanan dan minuman yang mengandung kafein, terutama yang tidak meninggalkan ampas. Keunggulan utamanya adalah kepraktisan, yang sering dipadukan dengan gula stevia untuk memberikan rasa manis tanpa kalori berlebih. Kombinasi ini menjadi pilihan populer bagi mereka yang ingin tetap produktif dan berenergi, namun tetap menjaga pola hidup sehat. Meskipun praktis dan bermanfaat, disarankan untuk tidak mengonsumsinya secara berlebihan.
"cgpt,a,Tren makanan dan minuman berkafein semakin populer; Varian tanpa ampas membuat konsumsi lebih praktis; Kombinasi dengan gula stevia memberi rasa manis rendah kalori; Produk seperti snack bar kafein dan cold brew stevia dianggap sehat dan energizing; Konsumsi berlebihan tetap perlu dihindari."
cgpt,b,Percakapan membahas tren makanan dan minuman berkafein yang kini hadir tanpa ampas sehingga lebih praktis dinikmati. Dengan tambahan gula stevia, produk ini memberikan rasa manis tanpa khawatir kalori berlebih. Contoh seperti snack bar kafein dan cold brew stevia dipandang sebagai solusi gaya hidup modern: menambah energi, tetap sehat, dan enak, asalkan dikonsumsi tidak berlebihan.
"qw,a,Tren makanan dan minuman berkafein tanpa ampas semakin populer karena praktis dan bersih saat dikonsumsi; Kombinasi kafein dengan pemanis stevia menawarkan rasa manis tanpa khawatir kalori, cocok untuk gaya hidup sehat; Produk ini mendukung produktivitas tanpa mengorbankan kesehatan, asal dikonsumsi secukupnya agar tidak berdampak negatif pada jantung;"
qw,b,Percakapan membahas tren baru makanan dan minuman berkafein tanpa ampas yang dipadukan dengan stevia, menawarkan solusi praktis dan sehat bagi yang ingin tetap produktif tanpa rasa bersalah � selama dikonsumsi dalam batas wajar demi menjaga kesehatan jangka panjang.
"ds,a,Tren makanan dan minuman berkafein tanpa ampas; Penggunaan pemanis stevia untuk alternatif rendah kalori; Kombinasi praktis untuk gaya hidup sehat dan produktif."
ds,b,Percakapan membahas tren terkini makanan dan minuman berkafein yang praktis tanpa ampas, sering dipadukan dengan pemanis stevia sebagai alternatif sehat rendah kalori. Kombinasi ini cocok untuk gaya hidup modern yang mengutamakan produktivitas dan kesehatan, dengan catatan untuk tidak dikonsumsi berlebihan.
